NOME DA EMPRESA;NÚMERO DA LINHA;ITINERÁRIO;ARQUIVO
Araguatur Viagens e Turismo EIRELI ME;1959.162-00;Goiânia a São Miguel do Araguaia (via GO-070 e GO-164);Linha nº 1959.162-00 Goiânia a São Miguel do Araguaia (via GO-070 e GO-164)
Auto Viação Goianésia Ltda.;01.044-00;Goiânia a Adelândia;Linha nº 01.044-00 – Goiânia a Adelândia
Auto Viação Goianésia Ltda.;01.045-00;Goiânia a Americano do Brasil;Linha nº 01.045-00 – Goiânia a Americano do Brasil
Auto Viação Goianésia Ltda.;01.046-00;Goiânia a Aruanã;Linha nº 01.046-00 – Goiânia a Aruanã
Auto Viação Goianésia Ltda.;01.047-00;Goiânia a Britânia (via GO-060 e GO-326);Linha nº 01.047-00 – Goiânia a Britânia (via GO-060 e GO-326)
Auto Viação Goianésia Ltda.;01.048-00;Goiânia a Jussara;Linha nº 01.048-00 – Goiânia a Jussara
Auto Viação Goianésia Ltda.;01.049-00;Goiânia a Novo Brasil;Linha nº 01.049-00 – Goiânia a Novo Brasil
Auto Viação Goianésia Ltda.;01.050-00;Goiânia a Anicuns;Linha nº 01.050-00 – Goiânia a Anicuns
Auto Viação Goianésia Ltda.;01.051-00;Goiânia a Claudinápolis;Linha nº 01.051-00 – Goiânia a Claudinápolis
Auto Viação Goianésia Ltda.;01.052-00;Goiânia a Santa Bárbara de Goiás;Linha nº 01.052-00 – Goiânia a Santa Bárbara de Goiás
Auto Viação Goianésia Ltda.;01.053-00;Goiânia a Barro Alto;Linha nº 01.053-00 – Goiânia a Barro Alto
Auto Viação Goianésia Ltda.;01.054-00;Goiânia a Goianésia (via Anápolis);Linha nº 01.054-00 – Goiânia a Goianésia (via Anápolis)
Auto Viação Goianésia Ltda.;01.056-00;Goiânia a Córrego do Ouro;Linha nº 01.056-00 – Goiânia a Córrego do Ouro
Auto Viação Goianésia Ltda.;01.057-00;Goiânia a Goianésia (via Nerópolis);Linha nº 01.057-00 – Goiânia a Goianésia (via Nerópolis)
Auto Viação Goianésia Ltda.;01.058-00;Goiânia a Morro Agudo de Goiás (via Itapuranga);Linha nº 01.058-00 – Goiânia a Morro Agudo de Goiás (via Itapuranga)
Auto Viação Goianésia Ltda.;01.059-00;Goiânia a Itapuranga;Linha nº 01.059-00 – Goiânia a Itapuranga
Auto Viação Goianésia Ltda.;01.060-00;Goiânia a Pirenópolis;Linha nº 01.060-00 – Goiânia a Pirenópolis
Auto Viação Goianésia Ltda.;01.1062-00;Araçu a Inhumas;Linha nº 01.1062-00 – Araçu a Inhumas
Auto Viação Goianésia Ltda.;01.1063-00;Caturaí a Inhumas;Linha nº 01.1063-00 – Caturaí a Inhumas
Auto Viação Goianésia Ltda.;01.1064-00;Ceres a Cafelândia;Linha nº 01.1064-00 -Ceres a Cafelândia
Auto Viação Goianésia Ltda.;01.1065-00;Ceres a Crixás;Linha nº 01.1065-00 -Ceres a Crixás
Auto Viação Goianésia Ltda.;01.1067-00;Goianésia a Uruaçu (via Santa Rita do Novo Destino);Linha nº 01.1067-00  – Goianésia a Uruaçu (via Santa Rita do Novo Destino)
Auto Viação Goianésia Ltda.;01.1068-00;Goianésia a Vila Propício;Linha nº 01.1068-00  – Goianésia a Vila Propício
Auto Viação Goianésia Ltda.;01.1069-00;Trindade a Avelinópolis;Linha nº 01.1069-00  – Trindade a Avelinópolis
Auto Viação Goianésia Ltda.;01.1070-00;Jussara a Santa Fé de Goiás;Linha nº 01.1070-00  – Jussara a Santa Fé de Goiás
Auto Viação Goianésia Ltda.;01.1071-00;Goianésia a Barro Alto;Linha nº 01.1071-00  – Goianésia a Barro Alto
Auto Viação Goianésia Ltda.;01.1072-00;Goianésia a Jaraguá;Linha nº 01.1072-00 – Goianésia a Jaraguá
Auto Viação Goianésia Ltda.;01.1073-00;Goianésia a Mineradora Anglo American;Linha nº 01.1073-00 – Goianésia a Mineradora Anglo American
Alves Rocha & Silva Ltda. / Davi Turismo;1332.1239-00;Formosa Planaltina;Linha 1332.1239-00 Formosa Planaltina
COOPTRO – Cooperativa de Transportes e Turismo de Cidade Ocidental;6229.1252-00;Novo Gama Cidade Ocidental (via BR-040, Valparaiso II e Lago Azul);Linha 6229.1252-00 Novo Gama Cidade Ocidental (via BR-040, Valparaiso II e Lago Azul)
COOPTRO – Cooperativa de Transportes e Turismo de Cidade Ocidental;6229.1251-00;Luziânia Novo Gama (via BR-040 e Jardim Ingá);Linha 6229.1251-00 Luziânia Novo Gama (via BR-040 e Jardim Ingá)
COOPTRO – Cooperativa de Transportes e Turismo de Cidade Ocidental;6229.1233-00;Luziânia Novo Gama (via Pq. Alvorada, BR-040 e DF-290);Linha 6229.1233-00 Luziânia Novo Gama (via Pq. Alvorada, BR-040 e DF-290)
COOPTRO – Cooperativa de Transportes e Turismo de Cidade Ocidental;6229.1234-00;Valparaíso de Goiás II Cidade Ocidental (via BR-040, GO521 e ABC);Linha 6229.1234-00 Valparaíso de Goiás II Cidade Ocidental (via BR-040, GO521 e ABC)
COOPTRO – Cooperativa de Transportes e Turismo de Cidade Ocidental;6229.1235-00;Novo Gama Cidade Ocidental (via BR-040, DF-290 e ABC);Linha 6229.1235-00 Novo Gama Cidade Ocidental (via BR-040, DF-290 e ABC)
COOPTRO – Cooperativa de Transportes e Turismo de Cidade Ocidental;6229.1236-00;Novo Gama Valparaíso de Goiás I (via BR-040 e DF-290);Linha 6229.1236-00 Novo Gama Valparaíso de Goiás I (via BR-040 e DF-290)
COOPTRO – Cooperativa de Transportes e Turismo de Cidade Ocidental;6229.1237-00;Luziânia Valparaíso de Goiás I (via Pq. Alvorada e BR-040);Linha 6229.1237-00 Luziânia Valparaíso de Goiás I (via Pq. Alvorada e BR-040)
COOPTRO – Cooperativa de Transportes e Turismo de Cidade Ocidental;6229.1238-00;Luziânia Cidade Ocidental (via BR-040);Linha 6229.1238-00 Luziânia Cidade Ocidental (via BR-040)
COOPTRO – Cooperativa de Transportes e Turismo de Cidade Ocidental;6229.1238-01;Luziânia Cidade Ocidental (via BR-040);Serviço Semiurbano nº 6229.1238-01 Luziânia Cidade Ocidental (via BR-040)
COOPTRO – Cooperativa de Transportes e Turismo de Cidade Ocidental;6229.1237-01;Luziânia Valparaíso de Goiás I (via Pq. Alvorada e BR-040);Serviço Semiurbano nº 6229.1237-01 Luziânia Valparaíso de Goiás I (via Pq. Alvorada e BR-040)
COOPTRO – Cooperativa de Transportes e Turismo de Cidade Ocidental;6229.1235-01;Novo Gama Cidade Ocidental (via BR-040, DF-290 e ABC);Serviço Semiurbano nº 6229.1235-01 Novo Gama Cidade Ocidental (via BR-040, DF-290 e ABC)
COOPTRO – Cooperativa de Transportes e Turismo de Cidade Ocidental;6229.1234-01;Valparaíso de Goiás II Cidade Ocidental (via BR-040, GO-521 e ABC);Serviço Semiurbano nº 6229.1234-01 Valparaíso de Goiás II Cidade Ocidental (via BR-040, GO-521 e ABC)
COOPTRO – Cooperativa de Transportes e Turismo de Cidade Ocidental;6229.1233-01;Luziânia Novo Gama (via Pq. Alvorada, BR-040 e DF-290);Serviço Semiurbano nº 6229.1233-01 Luziânia Novo Gama (via Pq. Alvorada, BR-040 e DF-290)
Empresa Da Cunha Santos Encomendas Ltda.;9200.1260-00;Itumbiara a São Simão (Via Cachoeira Dourada);Linha nº 9200.1260-00 – Itumbiara a São Simão (Via Cachoeira Dourada)
Empresa Da Cunha Santos Encomendas Ltda.;9200.1260-00-PA;Itumbiara / Quirinopolis (via Cachoeira Dourada);Linha nº 9200.1260-00-PA – Itumbiara / Quirinopolis (via Cachoeira Dourada)
Empresa Moreira Ltda.;12.167-00;Goiânia a Aruanã;Linha nº 12.167-00 – Goiânia a Aruanã
Empresa Moreira Ltda.;12.168-00;Goiânia a Goiás;Linha nº 12.168-00 – Goiânia a Goiás
Empresa Moreira Ltda.;12.169-00;Goiânia a Itaberaí;Linha nº 12.169-00 – Goiânia a Itaberaí
Empresa Moreira Ltda.;12.170-00;Goiânia a Jussara;Linha nº 12.170-00 – Goiânia a Jussara
Empresa Moreira Ltda.;12.171-00;Goiânia a Matrinchã;Linha nº 12.171-00 – Goiânia a Matrinchã
Empresa Moreira Ltda.;12.172-00;Goiânia a Montes Claros de Goiás;Linha nº 12.172-00 – Goiânia a Montes Claros de Goiás
Empresa Moreira Ltda.;12.173-00;Goiânia a Mossâmedes;Linha nº 12.173-00 – Goiânia a Mossâmedes
Empresa Moreira Ltda.;12.174-00;Goiânia a Morzalândia;Linha nº 12.174-00 – Goiânia a Morzalândia
Empresa Moreira Ltda.;12.175-00;Goiânia a Mundo Novo;Linha nº 12.175-00 – Goiânia a Mundo Novo
Empresa Moreira Ltda.;12.1176-00;Aruanã a Britânia;Linha nº 12.1176-00 – Aruanã a Britânia
Empresa Moreira Ltda.;12.1177-00;Morzalândia a Povoado de Peixe;Linha nº 12.1177-00 – Morzalândia a Povoado de Peixe
Empresa Moreira Ltda.;12.1178-00;Mozarlândia a São José dos Bandeirantes;Linha nº 12.1178-00 – Mozarlândia a São José dos Bandeirantes
Empresa Primeira Classe Transportes Ltda;2626.225-00;Goiânia Cristalina (via Anápolis e Novo Gama);Linha 2626.225-00 Goiânia Cristalina (via Anápolis e Novo Gama)
Empresa Primeira Classe Transportes Ltda;2626.226-00;Goiânia Iporá ultima;Linha 2626.226-00 Goiânia Iporá ultima
Empresa Primeira Classe Transportes Ltda;2626.241-00;Goiânia Aguas Lindas (via Anapólis);Linha 2626.241-00 Goiânia Aguas Lindas (via Anapólis)
Empresa Primeira Classe Transportes Ltda;2626.253-00;Goiânia Caldas Novas (Via Bela Vista Pires do Rio e GO-309);Linha 2626.253-00 Goiânia Caldas Novas (Via Bela Vista Pires do Rio e GO-309)
Empresa Primeira Classe Transportes Ltda;2626.254-00;Goiânia Caldas Novas (Via BR-153 e Morrinhos);Linha 2626.254-00 Goiânia Caldas Novas (Via BR-153 e Morrinhos)
Empresa Primeira Classe Transportes Ltda;2626.255-00;Goiânia Aragarças (Via Iporá e Piranhas);Linha 2626.255-00 Goiânia Aragarças (Via Iporá e Piranhas)
Empresa Primeira Classe Transportes Ltda;2626.1224-00;Itumbiara São Simão (via Cachoeira Dourada);Linha 2626.1224-00 Itumbiara São Simão (via Cachoeira Dourada)
Empresa Primeira Classe Transportes Ltda;2626.1227-00;Rio Verde Montividiu (via GO-174);Linha 2626.1227-00 Rio Verde Montividiu (via GO-174)
Empresa Primeira Classe Transportes Ltda;2626.1228-00;Rio Verde Aragarças (via Montividiu e Caiapônia);Linha 2626.1228-00 Rio Verde Aragarças (via Montividiu e Caiapônia)
Empresa Primeira Classe Transportes Ltda;2626.1229-00;Rio Verde Aragarças (via Montividiu e Iporá);Linha 2626.1229-00 Rio Verde Aragarças (via Montividiu e Iporá)
Empresa Primeira Classe Transportes Ltda;2626.1230-00;São Simão Rio Verde (via Aparecida do rio Doce e Caçu);Linha 2626.1230-00 São Simão Rio Verde (via Aparecida do rio Doce e Caçu)
Empresa Primeira Classe Transportes Ltda;2626.1231-00;Rio Verde São Simão (via BR-452 e Quirinópolis);Linha 2626.1231-00 Rio Verde São Simão (via BR-452 e Quirinópolis)
Empresa Primeira Classe Transportes Ltda;2626.1232-00;Anápolis Silvânia (via Gameleira de Goiás);Linha 2626.1232-00 Anápolis Silvânia (via Gameleira de Goiás)
Empresa Primeira Classe Transportes Ltda;2626.1256-00;Itumbiara Caldas Novas (Via Buriti Alegre);Linha 2626.1256-00 Itumbiara Caldas Novas (Via Buriti Alegre)
Empresa Primeira Classe Transportes Ltda;2626.1258-00;Caçu Caiapônia (via BR-364 e Jatai);Linha 2626.1258-00 Caçu Caiapônia (via BR-364 e Jatai)
Empresa Primeira Classe Transportes Ltda;2626.1259-00;Iporá Montes Claros de Goiás (Via GO-060 e GO-174);Linha 2626.1259-00 Iporá Montes Claros de Goiás (Via GO-060 e GO-174)
Evolução Transporte e Turismo EIRELI EPP;3631.161-00;Goiânia a Minaçu;Linha 3631.161-00 Goiânia a Minaçu
Evolução Transporte e Turismo EIRELI EPP;3631.1244-00;Minaçu a Colinas do Sul;Linha 3631.1244-00 Minaçu a Colinas do Sul
Expresso Diamante Log Ltda;6774.261-00;Goiânia – Caldas Novas (via Bela Vista – Pires do Rio e GO-309);Linha nº 6774.261-00 – Goiânia – Caldas Novas (via Bela Vista – Pires do Rio e GO-309)
Expresso Itamarati S.A.;7308.1245-00;Caçu a Caiapônia (via GO-364 e Jataí);Linha 7308.1245-00 Caçu a Caiapônia (via GO-364 e Jataí)
Expresso Itamarati S.A.;7308.1246-00;Rio Verde a Aporé (via Caçu);Linha 7308.1246-00 Rio Verde a Aporé (via Caçu)
Expresso Maia Ltda.;02.079-00;Goiânia a Amorinópolis;Linha 02.079-00 Goiânia a Amorinópolis
Expresso Maia Ltda.;02.080-00;Goiânia a Doverlândia;Linha 02.080-00 Goiânia a Doverlândia
Expresso Maia Ltda.;02.081-00;Goiânia a Ivolândia (via Cachoeira de Goiás);Linha 02.081-00 Goiânia a Ivolândia (via Cachoeira de Goiás)
Expresso Maia Ltda.;02.082-00;Goiânia a Aurilândia;Linha 02.082-00 Goiânia a Aurilândia
Expresso Maia Ltda.;02.083-00;Goiânia a Registro do Araguaia;Linha 02.083-00 Goiânia a Registro do Araguaia
Expresso Maia Ltda.;02.084-00;Goiânia a São Luiz de Montes Belos;Linha 02.084-00 Goiânia a São Luiz de Montes Belos
Expresso Maia Ltda.;02.085-00;Goiânia a Firminópolis;Linha 02.085-00 Goiânia a Firminópolis
Expresso Maia Ltda.;02.086-00;Goiânia a Nazário;Linha 02.086-00 Goiânia a Nazário
Expresso Maia Ltda.;02.1089-00;Iporá a Baliza;Linha 02.1089-00 Iporá a Baliza
Expresso Maia Ltda.;02.1090-00;Iporá a Jaupaci;Linha 02.1090-00 Iporá a Jaupaci
Expresso Maia Ltda.;02.1091-00;Iporá a Jussara;Linha 02.1091-00 Iporá a Jussara
Expresso Maia Ltda.;02.1094-00;Iporá a Amorinópolis;Linha 02.1094-00 Iporá a Amorinópolis
Expresso Maia Ltda.;02.1096-00;Iporá a Doverlândia;Linha 02.1096-00 Iporá a Doverlândia
Expresso Maia Ltda.;02.1098-00;Iporá a Registro do Araguaia;Linha 02.1098-00 Iporá a Registro do Araguaia
Expresso Maia Ltda.;02.084-01;Goiânia a São Luiz de Montes Belos;Serviço Expresso 02.084-01 Goiânia a São Luiz de Montes Belos
Expresso Marly Ltda.;03.105-00;Goiânia a Mara Rosa (via Alto Horizonte);Linha 03.105-00 Goiânia a Mara Rosa (via Alto Horizonte)
Expresso Marly Ltda.;03.106-00;Goiânia a Campos Verdes;Linha 03.106-00 Goiânia a Campos Verdes
Expresso Marly Ltda.;03.107-00;Goiânia a Hidrolina;Linha 03.107-00 Goiânia a Hidrolina
Expresso Marly Ltda.;03.108-00;Goiânia a Itapaci;Linha 03.108-00 Goiânia a Itapaci
Expresso Marly Ltda.;03.109-00;Goiânia a Mata Azul;Linha 03.109-00 Goiânia a Mata Azul
Expresso Marly Ltda.;03.110-00;Goiânia a Montividiu do Norte;Linha 03.110-00 Goiânia a Montividiu do Norte
Expresso Marly Ltda.;03.111-00;Goiânia a Porangatu (via Mutunópolis);Linha 03.111-00 Goiânia a Porangatu (via Mutunópolis)
Expresso Marly Ltda.;03.112-00;Goiânia a Porangatu (via Santa Tereza de Goiás);Linha 03.112-00 Goiânia a Porangatu (via Santa Tereza de Goiás)
Expresso Marly Ltda.;03.116-00;Goiânia a Uruaçu;Linha 03.116-00 Goiânia a Uruaçu
Expresso Marly Ltda.;03.117-00;Goiânia a Mara Rosa;Linha 03.117-00 Goiânia a Mara Rosa
Expresso Marly Ltda.;03.118-00;Goiânia a Santa Isabel;Linha 03.118-00 Goiânia a Santa Isabel
Expresso Marly Ltda.;03.122-00;Goiânia a Porangatu (Via Anápolis);Linha 03.122-00 Goiânia a Porangatu (Via Anápolis)
Expresso Marly Ltda.;03.1119-00;Ceres a Uruaçu;Linha 03.1119-00 Ceres a Uruaçu
Expresso Marly Ltda.;03.1120-00;Ceres a Porangatu (via Santa Tereza de Goiás);Linha 03.1120-00 Ceres a Porangatu (via Santa Tereza de Goiás)
Expresso Marly Ltda.;03.1121-00;Uruaçu a Porangatu (via Santa Tereza de Goiás);Linha 03.1121-00 Uruaçu a Porangatu (via Santa Tereza de Goiás)
Expresso Marly Ltda.;03.1123-00;Anápolis a Uruaçu;Linha 03.1123-00 Anápolis a Uruaçu
Expresso Marly Ltda.;03.112-01;Goiânia a Porangatu;Serviço Expresso 03.112-01 Goiânia a Porangatu
Expresso Marly Ltda.;03.116-01;Goiânia a Uruaçu;Serviço Expresso 03.116-01 Goiânia a Uruaçu
Nova Evolução Transportes e Turismo Ltda.;04.040-00;Goiânia a Campos Belos;Linha 04.040-00 Goiânia a Campos Belos
Nova Evolução Transportes e Turismo Ltda.;04.074-00;Goiânia a Niquelândia (via BR-414);Linha 04.074-00 Goiânia a Niquelândia (via BR-414)
Nova Evolução Transportes e Turismo Ltda.;04.1075-00;Anápolis a Corumbá de Goiás;Linha 04.1075-00 Anápolis a Corumbá de Goiás
Nova Evolução Transportes e Turismo Ltda.;04.1076-00;Corumbá de Goiás a Cocalzinho de Goiás;Linha 04.1076-00 Corumbá de Goiás a Cocalzinho de Goiás
Nova Evolução Transportes e Turismo Ltda.;04.1077-00;Anápolis a Pirenópolis (via Planalmira);Linha 04.1077-00 Anápolis a Pirenópolis (via Planalmira)
Nova Evolução Transportes e Turismo Ltda.;04.1075-01;Anápolis a Corumbá de Goiás;Serviço semiurbano 04.1075-01 Anápolis a Corumbá de Goiás
Nova Evolução Transportes e Turismo Ltda.;04.1076-01;Corumbá de Goiás a Cocalzinho de Goiás;Serviço semiurbano 04.1076-01 Corumbá de Goiás a Cocalzinho de Goiás
Nova Evolução Transportes e Turismo Ltda.;04.1077-01;Anápolis a Pirenópolis (via Planalmira);Serviço semiurbano 04.1077-01 Anápolis a Pirenópolis (via Planalmira)
Expresso São Luiz Ltda.;08.141-00;Goiânia a Chapadão do Céu;Linha 08.141-00 Goiânia a Chapadão do Céu
Expresso São Luiz Ltda.;08.142-00;Goiânia a Jataí;Linha 08.142-00 Goiânia a Jataí
Expresso São Luiz Ltda.;08.143-00;Goiânia a Mineiros;Linha 08.143-00 Goiânia a Mineiros
Expresso São Luiz Ltda.;08.144-00;Goiânia a Montividiu;Linha 08.144-00 Goiânia a Montividiu
Expresso São Luiz Ltda.;08.145-00;Goiânia a Quirinópolis (via Riverlândia);Linha 08.145-00 Goiânia a Quirinópolis (via Riverlândia)
Expresso São Luiz Ltda.;08.146-00;Goiânia a Rio Verde;Linha 08.146-00 Goiânia a Rio Verde
Expresso São Luiz Ltda.;08.147-00;Goiânia a Santa Helena de Goiás;Linha 08.147-00 Goiânia a Santa Helena de Goiás
Expresso São Luiz Ltda.;08.148-00;Goiânia a Santa Rita do Araguaia;Linha 08.148-00 Goiânia a Santa Rita do Araguaia
Expresso São Luiz Ltda.;08.149-00;Goiânia a São Simão (via Quirinópolis) até 09/02/2025;Linha 08.149-00 Goiânia a São Simão (via Quirinópolis) até 09/02/2025
Expresso São Luiz Ltda.;08.149-00;Goiânia a São Simão (via Quirinópolis) a partir de 10/02/2025;Linha 08.149-00 Goiânia a São Simão (via Quirinópolis) a partir de 10/02/2025
Expresso São Luiz Ltda.;08.1150-00;Acreúna a Santo Antônio da Barra;Linha 08.1150-00 Acreúna a Santo Antônio da Barra
Expresso São Luiz Ltda.;08.1151-00;Edéia a Santa Helena de Goiás;Linha 08.1151-00 Edéia a Santa Helena de Goiás
Expresso São Luiz Ltda.;08.1152-00;Jataí a Itajá;Linha 08.1152-00 Jataí a Itajá
Expresso São Luiz Ltda.;08.1153-00;Jataí a São Simão;Linha 08.1153-00 Jataí a São Simão
Expresso São Luiz Ltda.;08.1154-00;Jataí a Serranópolis;Linha 08.1154-00 Jataí a Serranópolis
Expresso São Luiz Ltda.;08.1155-00;Rio Verde a Santo Antônio da Barra;Linha 08.1155-00 Rio Verde a Santo Antônio da Barra
Expresso São Luiz Ltda.;08.1156-00;Santa Rita do Araguaia a Itumbiara;Linha 08.1156-00 Santa Rita do Araguaia a Itumbiara
Expresso São Luiz Ltda.;08.142-01;Goiânia a Jataí;Serviço viagens diretas 08.142-01 Goiânia a Jataí
Expresso São Luiz Ltda.;08.143-01;Goiânia a Mineiros;Serviço viagens semidiretas 08.143-01 Goiânia a Mineiros
Expresso União Ltda.;10.124-00;Goiânia a Campos Verdes;Linha 10.124-00 Goiânia a Campos Verdes
Expresso União Ltda.;10.125-00;"Goiânia a Crixás (via Anápolis; Santa Terezinha de Goiás)";"Linha 10.125-00 Goiânia a Crixás (via Anápolis; Santa Terezinha de Goiás)"
Expresso União Ltda.;10.126-00;Goiânia a Distrito de Felicidade;Linha 10.126-00 Goiânia a Distrito de Felicidade
Expresso União Ltda.;10.127-00;Goiânia a Nazário;Linha 10.127-00 Goiânia a Nazário
Expresso União Ltda.;10.128-00;Goiânia a Nova América;Linha 10.128-00 Goiânia a Nova América
Expresso União Ltda.;10.129-00;Goiânia a Palminópolis (via Turvânia);Linha 10.129-00 Goiânia a Palminópolis (via Turvânia)
Expresso União Ltda.;10.130-00;Goiânia a Piracanjuba;Linha 10.130-00 Goiânia a Piracanjuba
Expresso União Ltda.;10.131-00;Goiânia a Pontalina;Linha 10.131-00 Goiânia a Pontalina
Expresso União Ltda.;10.132-00;Goiânia a Rubiataba;Linha 10.132-00 Goiânia a Rubiataba
Expresso União Ltda.;10.133-00;Goiânia a São João da Paraúna (via Nazário);Linha 10.133-00 Goiânia a São João da Paraúna (via Nazário)
Expresso União Ltda.;10.134-00;Goiânia a Uirapuru (via Itapaci);Linha 10.134-00 Goiânia a Uirapuru (via Itapaci)
Expresso União Ltda.;10.1135-00;Distrito de Felicidade a Piracanjuba;Linha 10.1135-00 Distrito de Felicidade a Piracanjuba
Expresso União Ltda.;10.1136-00;Distrito de Felicidade a Professor Jamil;Linha 10.1136-00 Distrito de Felicidade a Professor Jamil
Expresso União Ltda.;10.1137-00;Palminópolis a Nazário (via Buqueirão);Linha 10.1137-00 Palminópolis a Nazário (via Buqueirão)
Expresso União Ltda.;10.1138-00;Palminópolis a Nazário (via Turvânia);Linha 10.1138-00 Palminópolis a Nazário (via Turvânia)
Expresso União Ltda.;10.1139-00;Professor Jamil a Pontalina;Linha 10.1139-00 Professor Jamil a Pontalina
Expresso União Ltda.;10.1140-00;Rubiataba a Nova América;Linha 10.1140-00 Rubiataba a Nova América
Expresso União Ltda.;10.125-01;"Goiânia a Crixás (via Anápolis; Santa Terezinha de Goias)";"Serviço Vg. Semidiretas nº 10.125-01- Goiânia a Crixás (via Anápolis; Santa Terezinha de Goias)"
Fly Transportes EIRELI;6184.223-00;Goiânia a Uruana (via Inhumas e Itauçu);Linha 6184.223-00 – Goiânia a Uruana (via Inhumas e Itauçu)
Ivan José da Silva / Água Viva Transporte e Turismo.;3381.1247-00;Ceres a Uruana (via Carmo do Rio Verde);Linha nº 3381.1247-00 Ceres a Uruana (via Carmo do Rio Verde)
Ivan José da Silva / Água Viva Transporte e Turismo.;3381.1247-01;Ceres a Uruana (via Carmo do Rio Verde);Serviço Semiurbano nº 3381.1247-01 Ceres a Uruana (via Carmo do Rio Verde)
Jotamar Comércio de Peças e Transportes Rodoviários Ltda;9019.276-00;Goiânia – Santa Rosa de Goiás (via Inhumas);Linha 9019.276-00 – Goiânia – Santa Rosa de Goiás (via Inhumas)
Juarez Mendes de Melo;19.001-00;"Goiânia a Água Limpa (via Bela Vista; Piracanjuba)";"Linha 19.001-00 Goiânia a Água Limpa (via Bela Vista; Piracanjuba)"
Juarez Mendes de Melo;19.002-00;"Goiânia a Água Limpa (via GO-020; GO-147; Morrinhos)";"Linha 19.002-00 Goiânia a Água Limpa (via GO-020; GO-147; Morrinhos)"
Juarez Mendes de Melo;19.003-00;"Goiânia a Água Limpa (via BR-153; Piracanjuba)";"Linha 19.003-00 Goiânia a Água Limpa (via BR-153; Piracanjuba)"
Juarez Mendes de Melo;19.004-00;Goiânia a Campestre de Goiás;Linha 19.004-00 Goiânia a Campestre de Goiás
Juarez Mendes de Melo;19.006-00;"Goiânia a Corumbaíba (via BR-153; Piracanjuba)";"Linha 19.006-00 Goiânia a Corumbaíba (via BR-153; Piracanjuba)"
Juarez Mendes de Melo;19.007-00;Goiânia a Cristianópolis (via São Miguel do Passa Quatro);Linha 19.007-00 Goiânia a Cristianópolis (via São Miguel do Passa Quatro)
Juarez Mendes de Melo;19.008-00;Goiânia a Edealina;Linha 19.008-00 Goiânia a Edealina
Juarez Mendes de Melo;19.009-00;Goiânia a Edéia;Linha 19.009-00 Goiânia a Edéia
Juarez Mendes de Melo;19.010-00;Goiânia a Gameleira;Linha 19.010-00 Goiânia a Gameleira
Juarez Mendes de Melo;19.011-00;Goiânia a Indiara;Linha 19.011-00 Goiânia a Indiara
Juarez Mendes de Melo;19.012-00;Goiânia a Ipameri;Linha 19.012-00 Goiânia a Ipameri
Juarez Mendes de Melo;19.013-00;Goiânia a Jandaia;Linha 19.013-00 Goiânia a Jandaia
Juarez Mendes de Melo;19.014-00;"Goiânia a Marzagão (via Bela Vista; Piracanjuba)";"Linha 19.014-00 Goiânia a Marzagão (via Bela Vista; Piracanjuba)"
Juarez Mendes de Melo;19.015-00;"Goiânia a Marzagão (via BR-153; Piracanjuba)";"Linha 19.015-00 Goiânia a Marzagão (via BR-153; Piracanjuba)"
Juarez Mendes de Melo;19.016-00;"Goiânia a Nova Aurora (via BR-153; Piracanjuba)";"Linha 19.016-00 Goiânia a Nova Aurora (via BR-153; Piracanjuba)"
Juarez Mendes de Melo;19.017-00;Goiânia a Palmeiras de Goiás (via Cezarina);Linha 19.017-00 Goiânia a Palmeiras de Goiás (via Cezarina)
Juarez Mendes de Melo;19.018-00;Goiânia a Palmeiras de Goiás (via Campestre de Goiás);Linha 19.018-00 Goiânia a Palmeiras de Goiás (via Campestre de Goiás)
Juarez Mendes de Melo;19.019-00;Goiânia a Paraúna;Linha 19.019-00 Goiânia a Paraúna
Juarez Mendes de Melo;19.020-00;Goiânia a Pires do Rio;Linha 19.020-00 Goiânia a Pires do Rio
Juarez Mendes de Melo;19.021-00;Goiânia a Posselândia;Linha 19.021-00 Goiânia a Posselândia
Juarez Mendes de Melo;19.022-00;"Goiânia a Rio Quente (via Bela Vista de Goiás; Cristianópolis)";"Linha 19.022-00 Goiânia a Rio Quente (via Bela Vista de Goiás; Cristianópolis)"
Juarez Mendes de Melo;19.023-00;Goiânia a Varjão;Linha 19.023-00 Goiânia a Varjão
Juarez Mendes de Melo;19.024-00;Goiânia a Vicentinópolis;Linha 19.024-00 Goiânia a Vicentinópolis
Juarez Mendes de Melo;19.1025-00;"Anápolis a Caldas Novas (via BR-153; Piracanjuba)";"Linha 19.1025-00 Anápolis a Caldas Novas (via BR-153; Piracanjuba)"
Juarez Mendes de Melo;19.1026-00;Caldas Novas a Catalão;Linha 19.1026-00 Caldas Novas a Catalão
Juarez Mendes de Melo;19.1029-00;Morrinhos a Água Limpa;Linha 19.1029-00 Morrinhos a Água Limpa
Juarez Mendes de Melo;19.1030-00;Morrinhos a Caldas Novas;Linha 19.1030-00 Morrinhos a Caldas Novas
Juarez Mendes de Melo;19.1031-00;Morrinhos a Piracanjuba;Linha 19.1031-00 Morrinhos a Piracanjuba
Juarez Mendes de Melo;19.1033-00;Palmeiras de Goiás a Paraúna;Linha 19.1033-00 Palmeiras de Goiás a Paraúna
Juarez Mendes de Melo;19.1034-00;Pires do Rio a Urutaí;Linha 19.1034-00 Pires do Rio a Urutaí
Juarez Mendes de Melo;19.1035-00;Posselândia a Indiara;Linha 19.1035-00 Posselândia a Indiara
Juarez Mendes de Melo;19.1036-00;Posselândia a Palmeiras de Goiá;Linha 19.1036-00 Posselândia a Palmeiras de Goiá
Juarez Mendes de Melo;19.1037-00;Caldas Novas a Pousada do Rio Quente;Linha 19.1037-00 Caldas Novas a Pousada do Rio Quente
Juarez Mendes de Melo;19.1038-00;Trindade a Campestre de Goiás;Linha 19.1038-00 Trindade a Campestre de Goiás
Juarez Mendes de Melo;19.005-01;Goiânia – Cezarina;Serviço Semiurbano nº 19.005-01 – Goiânia –  Cezarina
Juarez Mendes de Melo;19.004-01;Goiânia – Campestre de Goiás;Serviço Semiurbano nº 19.004-01 – Goiânia –  Campestre de Goiás
Juarez Mendes de Melo;19.004-01;Goiânia – Campestre de Goiás (Incl. Trindade);Serviço Semiurbano nº 19.004-01 – Goiânia –  Campestre de Goiás (Incl. Trindade)
Juarez Mendes de Melo;19.021-01;Goiânia – Posselândia;Serviço Semiurbano nº 19.021-01 – Goiânia – Posselândia
Juarez Mendes de Melo;19.023-01;Goiânia – Varjão;Serviço Semiurbano nº 19.023-01 – Goiânia – Varjão
Juarez Mendes de Melo;19.1027-01;Campestre de Goiás – Palmeiras de Goiás;Serviço Semiurbano nº 19.1027-01 – Campestre de Goiás – Palmeiras de Goiás
Juarez Mendes de Melo;19.1028-01;Cezarina – Palmeiras de Goiás;Serviço Semiurbano nº 19.1028-01 – Cezarina – Palmeiras de Goiás
Juarez Mendes de Melo;19.1032-01;Morrinhos – Pousada do Rio Quente;Serviço Semiurbano nº 19.1032-01 – Morrinhos – Pousada do Rio Quente
Juarez Mendes de Melo;19.1033-01;Palmeiras de Goiás – Paraúna;Serviço Semiurbano nº 19.1033-01 – Palmeiras de Goiás – Paraúna
Juarez Mendes de Melo;19.1035-01;Posselândia a Indiara;Serviço Semiurbano nº 19.1035-01 Posselândia a Indiara
Juarez Mendes de Melo;19.1037-01;Caldas Novas – Pousada do Rio Quente;Serviço Semiurbano nº 19.1037-01 – Caldas Novas – Pousada do Rio Quente
Rápido Federal Viação Ltda;6553.157-00;Goiânia a Alexânia;Linha nº 6553.157-00 Goiânia a Alexânia
Rápido Federal Viação Ltda;6553.265-00;Goiânia a Posse (Via Anápolis e Formosa);Linha nº 6553.265-00 Goiânia a Posse (Via Anápolis e Formosa)
Rápido Federal Viação Ltda;6553.1266-00;Posse a Iaciara;Linha nº 6553.1266-00 Posse a Iaciara
Rápido Goiás Ltda.;14.1220-00;Anápolis a Campo Limpo de Goiás;Linha 14.1220-00 Anápolis a Campo Limpo de Goiás
Rápido Goiás Ltda.;14.1221-00;Anápolis a Ouro Verde de Goiás;Linha 14.1221-00 Anápolis a Ouro Verde de Goiás
Rápido Goiás Ltda.;14.1222-00;Anápolis a Petrolina de Goiás;Linha 14.1222-00 Anápolis a Petrolina de Goiás
Rápido Goiás Ltda.;14.1220-01;Anápolis a Campo Limpo de Goiás;Serviço Semiurbano 14.1220-01 Anápolis a Campo Limpo de Goiás
Rápido Goiás Ltda.;14.1221-01;Anápolis a Ouro Verde de Goiás;Serviço Semiurbano 14.1221-01 Anápolis a Ouro Verde de Goiás
Rápido Goiás Ltda.;14.1222-01;Anápolis a Petrolina de Goiás;Serviço Semiurbano 14.1222-01 Anápolis a Petrolina de Goiás
Rápido Goiasnorte Ltda.;05.1039-00;Porangatu a Minaçu;Linha 05.1039-00 Porangatu a Minaçu
Rápido Goiasnorte Ltda.;05.1042-00;Porangatu a Bonópolis;Linha 05.1042-00 Porangatu a Bonópolis
Real Expresso Ltda.;06.1101-00;Formosa a Posse;Linha nº 06.1101-00 Formosa a Posse
Real Expresso Ltda.;06.249-00;Goiânia a Cavalcante (via Anápolis e Alexânia);Linha nº 06.249-00 Goiânia a Cavalcante (via Anápolis e Alexânia)
Realmaia Turismo e Cargas Ltda.;8454.243-00;Goiânia Aragarças (Via Iporá e Piranhas);Linha 8454.243-00 Goiânia Aragarças (Via Iporá e Piranhas)
Rio Novo Transportes e Turismo Ltda.;9414.248-00;Goiânia a Aragarças (via Iporá e Piranhas);Linha 9414.248-00 Goiânia a Aragarças (via Iporá e Piranhas)
Transporte Coletivo Duarte Ltda;16.1188-00;Catalão a Goiandira;Linha 16.1188-00 Catalão a Goiandira
Transporte Coletivo Duarte Ltda;16.1189-00;"Catalão a Ouvidor (GO-504; GO-503)";"Linha 16.1189-00 Catalão a Ouvidor (GO-504; GO-503)"
Transporte Coletivo Duarte Ltda;16.1188-01;Catalão a Goiandira;Linha Semiurbana 16.1188-01 Catalão a Goiandira
Transporte Coletivo Duarte Ltda;16.1189-01;"Catalão a Ouvidor (GO-504; GO-503)";"Linha Semiurbana 16.1189-01 Catalão a Ouvidor (GO-504; GO-503)"
UTB União Transporte Brasília Ltda.;07.1102-00;Uruaçu a Niquelândia;Linha 07.1102-00 Uruaçu a Niquelândia
UTB União Transporte Brasília Ltda.;07.1103-00;Uruaçu a Alto Horizonte (via Nova Iguaçu de Goiás);Linha 07.1103-00 Uruaçu a Alto Horizonte (via Nova Iguaçu de Goiás)
UTB União Transporte Brasília Ltda.;07.1104-00;Campinorte a Alto Horizonte (via Nova Iguaçu de Goiás);Linha 07.1104-00 Campinorte a Alto Horizonte (via Nova Iguaçu de Goiás)
UTB União Transporte Brasília Ltda.;07.1103-01;Uruaçu a Alto Horizonte (via Nova Iguaçu de Goiás);Serviço semiurbano 07.1103-01 Uruaçu a Alto Horizonte (via Nova Iguaçu de Goiás)
UTB União Transporte Brasília Ltda.;07.1104-01;Campinorte a Alto Horizonte (via Nova Iguaçu de Goiás);Serviço semiurbano 07.1104-01 Campinorte a Alto Horizonte (via Nova Iguaçu de Goiás)
Viação Araguarina Ltda;11.158-00;Goiânia a Anápolis;Linha 11.158-00 Goiânia a Anápolis
Viação Araguarina Ltda;11.159-00;Goiânia a Inhumas;Linha 11.159-00 Goiânia a Inhumas
Viação Araguarina Ltda;11.1165-00;Anápolis a Terezópolis de Goiás;Linha 11.1165-00 Anápolis a Terezópolis de Goiás
Viação Araguarina Ltda;11.158-01;Goiânia a Anápolis;Serviço Semiurbano 11.158-01 Goiânia a Anápolis
Viação Araguarina Ltda;11.159-01;Goiânia a Inhumas;Serviço Semiurbano 11.159-01 Goiânia a Inhumas
Viação Araguarina Ltda;11.1165-01;Anápolis a Terezópolis de Goiás;Serviço Semiurbano 11.1165-01 Anápolis a Terezópolis de Goiás
Viação Estrela Ltda.;15.190-00;Goiânia a Bom Jesus de Goiás;Linha 15.190-00 Goiânia a Bom Jesus de Goiás
Viação Estrela Ltda.;15.191-00;Goiânia a Buriti Alegre;Linha 15.191-00 Goiânia a Buriti Alegre
Viação Estrela Ltda.;15.192-00;Goiânia a Cachoeira Dourada;Linha 15.192-00 Goiânia a Cachoeira Dourada
Viação Estrela Ltda.;15.193-00;Goiânia a Caldas Novas (via Cristianópolis);Linha 15.193-00 Goiânia a Caldas Novas (via Cristianópolis)
Viação Estrela Ltda.;15.194-00;Goiânia a Catalão (via Bela Vista de Goiás);Linha 15.194-00 Goiânia a Catalão (via Bela Vista de Goiás)
Viação Estrela Ltda.;15.195-00;Goiânia a Catalão (via Bonfinópolis);Linha 15.195-00 Goiânia a Catalão (via Bonfinópolis)
Viação Estrela Ltda.;15.196-00;Goiânia a Itumbiara;Linha 15.196-00 Goiânia a Itumbiara
Viação Estrela Ltda.;15.197-00;Goiânia a Joviânia;Linha 15.197-00 Goiânia a Joviânia
Viação Estrela Ltda.;15.198-00;Goiânia a Leopoldo de Bulhões;Linha 15.198-00 Goiânia a Leopoldo de Bulhões
Viação Estrela Ltda.;15.199-00;Goiânia a Luziânia;Linha 15.199-00 Goiânia a Luziânia
Viação Estrela Ltda.;15.200-00;Goiânia a Morrinhos;Linha 15.200-00 Goiânia a Morrinhos
Viação Estrela Ltda.;15.280-00;Goiânia a Catalão (via Bela Vista de Goiás);Linha 15.280-00 Goiânia a Catalão (via Bela Vista de Goiás)
Viação Estrela Ltda.;15.1201-00;Anápolis a Catalão;Linha 15.1201-00 Anápolis a Catalão
Viação Estrela Ltda.;15.1202-00;Anápolis a Leopoldo de Bulhões;Linha 15.1202-00 Anápolis a Leopoldo de Bulhões
Viação Estrela Ltda.;15.1208-00;Edéia a Itumbiara;Linha 15.1208-00 Edéia a Itumbiara
Viação Estrela Ltda.;15.1211-00;Itumbiara a Goiatuba;Linha 15.1211-00 Itumbiara a Goiatuba
Viação Estrela Ltda.;15.1212-00;Itumbiara a Rio Verde;Linha 15.1212-00 Itumbiara a Rio Verde
Viação Estrela Ltda.;15.1213-00;Leopoldo de Bulhões a Vianápolis;Linha 15.1213-00 Leopoldo de Bulhões a Vianápolis
Viação Estrela Ltda.;15.1214-00;Morrinhos a Itumbiara;Linha 15.1214-00 Morrinhos a Itumbiara
Viação Estrela Ltda.;15.1215-00;Pires do Rio a Urutaí;Linha 15.1215-00 Pires do Rio a Urutaí
Viação Estrela Ltda.;15.1216-00;Pontalina a Morrinhos;Linha 15.1216-00 Pontalina a Morrinhos
Viação Estrela Ltda.;15.1219-00;Vianópolis a Orizona;Linha 15.1219-00 Vianópolis a Orizona
Viação Estrela Ltda.;15.1275-00;Anápolis a Catalão;Linha 15.1275-00 Anápolis a Catalão
Viação Estrela Ltda.;15.1203-01;Catalão – Anhanguera;Serviço Semiurbano nº 15.1203-01 – Catalão – Anhanguera
Viação Estrela Ltda.;15.1204-01;Catalão – Davinópolis;Serviço Semiurbano nº 15.1204-01 – Catalão – Davinópolis
Viação Estrela Ltda.;15.1205-01;Catalão a Goiandira;Serviço Semiurbano nº 15.1205-01 Catalão a Goiandira
Viação Estrela Ltda.;15.1206-01;Catalão a Ouvidor;Serviço Semiurbano nº 15.1206-01 Catalão a Ouvidor
Viação Estrela Ltda.;15.1207-01;Catalão – Três Ranchos;Serviço Semiurbano nº 15.1207-01 – Catalão – Três Ranchos
Viação Estrela Ltda.;15.1209-01;Goiandira – Nova Aurora;Serviço Semiurbano nº 15.1209-01 – Goiandira – Nova Aurora
Viação Estrela Ltda.;15.1210-01;Itumbiara – Bom Jesus de Goiás;Serviço Semiurbano nº 15.1210-01 – Itumbiara – Bom Jesus de Goiás
Viação Estrela Ltda.;15.1218-01;Santa Helena de Goiás – Rio Verde;Serviço Semiurbano nº 15.1218-01 – Santa Helena de Goiás – Rio Verde
Viação Estrela Ltda.;15.1217-01;Santa Helena de Goiás a Maurilândia;Serviço Semiurbano nº 15.1217-01 Santa Helena de Goiás a Maurilândia
Viação Estrela Ltda.;15.196-01;Goiânia a Itumbiara;Serviço Viagens Diretas 15.196-01 Goiânia a Itumbiara
Viação Estrela Ltda.;15.196-02;Goiânia a Itumbiara;Serviço Viagens Semidiretas 15.196-02 Goiânia a Itumbiara
Viação Estrela Ltda.;15.1212-01;Itumbiara a Rio Verde;Serviço Viagens Semidiretas 15.1212-01 Itumbiara a Rio Verde
Viação Montes Belos Ltda.;13.179-00;Goiânia a Córrego do Ouro;Linha 13.179-00 Goiânia a Córrego do Ouro
Viação Montes Belos Ltda.;13.180-00;Goiânia a Fazenda Nova;Linha 13.180-00 Goiânia a Fazenda Nova
Viação Montes Belos Ltda.;13.1181-00;Adelândia a Anicuns;Linha 13.1181-00 Adelândia a Anicuns
Viação Montes Belos Ltda.;13.1182-00;São Luiz de Montes Belos a Aurilândia;Linha 13.1182-00 São Luiz de Montes Belos a Aurilândia
Viação Montes Belos Ltda.;13.1183-00;São Luiz de Montes Belos a Cachoeira de Goiás;Linha 13.1183-00 São Luiz de Montes Belos a Cachoeira de Goiás
Viação Montes Belos Ltda.;13.1184-00;São Luiz de Montes Belos a Córrego do Ouro;Linha 13.1184-00 São Luiz de Montes Belos a Córrego do Ouro
Viação Montes Belos Ltda.;13.1185-00;São Luiz de Montes Belos a Ivolândia (via Moiporá);Linha 13.1185-00 São Luiz de Montes Belos a Ivolândia (via Moiporá)
Viação Montes Belos Ltda.;13.1186-00;São Luiz de Montes Belos a Palminópolis;Linha 13.1186-00 São Luiz de Montes Belos a Palminópolis
Viação Montes Belos Ltda.;13.1187-00;São Luiz de Montes Belos a Sanclerlândia;Linha 13.1187-00 São Luiz de Montes Belos a Sanclerlândia
Viação Paraúna Ltda.;09.1099-00;Caldas Novas a Rio Quente;Linha 09.1099-00 Caldas Novas a Rio Quente
Viação Paraúna Ltda.;09.1100-00;Ipameri a Caldas Novas;Linha 09.1100-00 Ipameri a Caldas Novas
Viação Paraúna Ltda.;09.1099-01;Caldas Novas a Rio Quente;Serviço Semiurbano 09.1099-01 Caldas Novas a Rio Quente
Viação Paraúna Ltda.;09.1100-01;Ipameri a Caldas Novas;Serviço Semiurbano 09.1100-01 Ipameri a Caldas Novas
Viação Reobote Ltda;6156.1262-00;Formosa – Planaltina de Goiás;Linha nº 6156.1262-00 – Formosa – Planaltina de Goiás
Viação Reobote Ltda;6156.1263-00;Formosa a Cabeceiras (via GO-346);Linha nº 6156.1263-00 – Formosa a Cabeceiras (via GO-346)
Viação Reobote Ltda;6156.1264-00;Formosa a Flores de Goiás;Linha nº 6156.1264-00 – Formosa a Flores de Goiás
